problem_id,task_id,cot_syntax,cot_pass,cot_time,cpptai_syntax,cpptai_pass,cpptai_time
he_1,HumanEval/0,1,1,1.19,1,1,21.56
he_10,HumanEval/9,1,1,1.31,1,1,22.81
he_11,HumanEval/10,1,0,1.37,1,1,22.25
he_12,HumanEval/11,1,1,1.08,1,1,18.48
he_13,HumanEval/12,1,1,1.46,1,1,18.71
he_14,HumanEval/13,1,1,1.01,1,1,19.48
he_15,HumanEval/14,1,1,0.95,1,1,22.63
he_16,HumanEval/15,1,1,1.19,1,1,19.03
he_17,HumanEval/16,1,1,1.15,1,1,16.03
he_18,HumanEval/17,1,1,1.71,1,1,24.37
he_19,HumanEval/18,1,1,1.3,1,1,20.18
he_2,HumanEval/1,1,1,1.42,1,1,22.89
he_20,HumanEval/19,1,1,1.19,1,1,23.17
he_21,HumanEval/20,1,1,1.73,1,1,22.91
he_22,HumanEval/21,1,1,1.23,1,1,23.02
he_23,HumanEval/22,1,1,1.19,1,1,17.74
he_24,HumanEval/23,1,1,0.85,1,1,17.83
he_25,HumanEval/24,1,1,1.5,1,1,17.39
he_26,HumanEval/25,1,1,1.51,1,1,27.23
he_27,HumanEval/26,1,1,1.35,1,1,20.29
he_28,HumanEval/27,1,1,0.86,1,0,19.8
he_29,HumanEval/28,1,1,1.11,1,1,18.78
he_3,HumanEval/2,1,1,1.43,1,1,21.45
he_30,HumanEval/29,1,1,1.4,1,1,19.83
he_31,HumanEval/30,1,1,1.15,1,1,23.7
he_32,HumanEval/31,1,1,1.66,1,1,21.61
he_33,HumanEval/32,1,0,2.4,1,1,29.86
he_34,HumanEval/33,1,1,1.67,1,1,22.08
he_35,HumanEval/34,1,1,1.12,1,1,21.03
he_36,HumanEval/35,1,1,1.46,1,1,19.79
he_37,HumanEval/36,1,1,1.34,1,1,17.33
he_38,HumanEval/37,1,1,1.55,1,1,18.88
he_39,HumanEval/38,1,0,1.22,1,1,23.87
he_4,HumanEval/3,1,1,1.58,1,1,20.2
he_40,HumanEval/39,1,1,1.54,1,1,24.0
he_41,HumanEval/40,1,1,1.9,1,1,25.17
he_42,HumanEval/41,1,1,1.46,1,1,22.74
he_43,HumanEval/42,1,1,1.17,1,1,19.87
he_44,HumanEval/43,1,1,1.35,1,1,20.26
he_45,HumanEval/44,1,1,1.39,1,1,20.21
he_46,HumanEval/45,1,1,0.99,1,1,17.82
he_47,HumanEval/46,1,1,1.25,1,1,22.58
he_48,HumanEval/47,1,1,1.28,1,1,23.62
he_49,HumanEval/48,1,1,1.38,1,1,20.8
he_5,HumanEval/4,1,1,1.22,1,1,21.56
he_50,HumanEval/49,1,1,1.21,1,1,22.74
he_6,HumanEval/5,1,1,1.43,1,1,19.54
he_7,HumanEval/6,1,1,1.33,1,1,22.73
he_8,HumanEval/7,1,1,1.15,1,1,21.2
he_9,HumanEval/8,1,1,1.13,1,1,19.43
