problem_id,category,accuracy,time_sec,method,dataset
gsm8k_1,word_problem,0.0,0.055,CPPTAI,gsm8k
gsm8k_3,fraction,0.0,0.058,CPPTAI,gsm8k
gsm8k_4,one_step,0.0,0.06,CPPTAI,gsm8k
gsm8k_2,fraction,0.0,0.064,CPPTAI,gsm8k
gsm8k_5,word_problem,0.0,0.042,CPPTAI,gsm8k
gsm8k_6,fraction,0.0,0.042,CPPTAI,gsm8k
gsm8k_7,multi_step,0.0,0.049,CPPTAI,gsm8k
gsm8k_8,fraction,0.0,0.049,CPPTAI,gsm8k
gsm8k_9,fraction,0.0,0.042,CPPTAI,gsm8k
gsm8k_10,word_problem,0.0,0.04,CPPTAI,gsm8k
gsm8k_11,fraction,0.0,0.037,CPPTAI,gsm8k
gsm8k_12,multi_step,0.0,0.044,CPPTAI,gsm8k
gsm8k_13,word_problem,0.0,0.038,CPPTAI,gsm8k
gsm8k_15,fraction,0.0,0.04,CPPTAI,gsm8k
gsm8k_14,fraction,0.0,0.048,CPPTAI,gsm8k
gsm8k_16,fraction,0.0,0.044,CPPTAI,gsm8k
gsm8k_17,word_problem,0.0,0.043,CPPTAI,gsm8k
gsm8k_18,word_problem,0.0,0.04,CPPTAI,gsm8k
gsm8k_19,one_step,0.0,0.041,CPPTAI,gsm8k
gsm8k_20,word_problem,0.0,0.038,CPPTAI,gsm8k
gsm8k_1,word_problem,0.0,0.044,CPPTAI_EA,gsm8k
gsm8k_4,one_step,0.0,0.048,CPPTAI_EA,gsm8k
gsm8k_2,fraction,0.0,0.053,CPPTAI_EA,gsm8k
gsm8k_3,fraction,0.0,0.054,CPPTAI_EA,gsm8k
gsm8k_5,word_problem,0.0,0.04,CPPTAI_EA,gsm8k
gsm8k_6,fraction,0.0,0.04,CPPTAI_EA,gsm8k
gsm8k_7,multi_step,0.0,0.04,CPPTAI_EA,gsm8k
gsm8k_8,fraction,0.0,0.042,CPPTAI_EA,gsm8k
gsm8k_9,fraction,0.0,0.041,CPPTAI_EA,gsm8k
gsm8k_10,word_problem,0.0,0.04,CPPTAI_EA,gsm8k
gsm8k_11,fraction,0.0,0.04,CPPTAI_EA,gsm8k
gsm8k_12,multi_step,0.0,0.041,CPPTAI_EA,gsm8k
gsm8k_13,word_problem,0.0,0.045,CPPTAI_EA,gsm8k
gsm8k_14,fraction,0.0,0.043,CPPTAI_EA,gsm8k
gsm8k_15,fraction,0.0,0.048,CPPTAI_EA,gsm8k
gsm8k_16,fraction,0.0,0.048,CPPTAI_EA,gsm8k
gsm8k_17,word_problem,0.0,0.045,CPPTAI_EA,gsm8k
gsm8k_18,word_problem,0.0,0.044,CPPTAI_EA,gsm8k
gsm8k_19,one_step,0.0,0.042,CPPTAI_EA,gsm8k
gsm8k_20,word_problem,0.0,0.044,CPPTAI_EA,gsm8k
