problem_id,category,cot_orig_acc,cot_red_acc,cpptai_red_acc,sinergia_ok,orig_len,red_len,time_sec
gsm8k_1,word_problem,1.0,1.0,1.0,1,280,131,31.68
gsm8k_10,word_problem,1.0,1.0,1.0,1,225,135,31.33
gsm8k_11,fraction,1.0,1.0,1.0,1,268,208,27.53
gsm8k_12,multi_step,1.0,1.0,1.0,1,239,157,25.28
gsm8k_13,word_problem,1.0,1.0,1.0,1,256,158,38.51
gsm8k_14,fraction,1.0,1.0,1.0,1,237,183,37.71
gsm8k_15,fraction,1.0,1.0,1.0,1,219,195,32.61
gsm8k_16,fraction,1.0,1.0,1.0,1,397,151,35.37
gsm8k_17,word_problem,1.0,0.0,0.0,0,222,129,35.26
gsm8k_18,word_problem,1.0,1.0,1.0,1,189,157,33.85
gsm8k_19,one_step,1.0,1.0,1.0,1,106,91,29.79
gsm8k_2,fraction,1.0,1.0,1.0,1,105,91,29.39
gsm8k_20,word_problem,1.0,1.0,1.0,1,255,235,34.21
gsm8k_3,fraction,1.0,1.0,1.0,1,181,128,36.23
gsm8k_4,one_step,1.0,1.0,1.0,1,121,105,29.06
gsm8k_5,word_problem,1.0,1.0,1.0,1,471,170,32.99
gsm8k_6,fraction,1.0,1.0,1.0,1,203,123,32.77
gsm8k_7,multi_step,1.0,1.0,1.0,1,187,185,26.29
gsm8k_8,fraction,1.0,1.0,0.0,1,287,183,37.37
gsm8k_9,fraction,1.0,1.0,1.0,1,406,219,36.98
